"ano","region","mean_cf","mean_gob","mean_otra_reg"
2013,"Sierra",0.943248532289628,0.540117416829746,0.37573385518591
2013,"Costa",0.945054945054945,0.467817896389325,0.32182103610675
2013,"Oriente",0.944444444444444,0.592592592592593,0.333333333333333
2018,"Sierra",0.867446393762183,0.321637426900585,0.216374269005848
2018,"Costa",0.816326530612245,0.306122448979592,0.196232339089482
2018,"Oriente",0.88,0.44,0.3
